split,idx,image_name,psnr,l1
test,0,000001,25.083194732666016,0.03262922540307045
test,1,000009,24.815303802490234,0.03471061959862709
test,2,000017,23.441938400268555,0.040731798857450485
test,3,000025,24.548009872436523,0.034884557127952576
test,4,000033,24.198078155517578,0.03511565923690796
test,5,000041,25.084026336669922,0.03549962118268013
test,6,000049,24.66146469116211,0.03923135623335838
test,7,000057,23.05055809020996,0.038995664566755295
test,8,000065,22.654155731201172,0.04148593172430992
test,9,000073,24.61931610107422,0.03369280695915222
test,10,000081,25.157882690429688,0.0315658375620842
test,11,000089,23.99782371520996,0.036088574677705765
test,12,000097,22.92451286315918,0.038993895053863525
test,13,000105,24.425931930541992,0.02948509156703949
test,14,000113,23.192012786865234,0.039094094187021255
test,15,000121,22.159542083740234,0.045544277876615524
test,16,000129,23.560863494873047,0.043659064918756485
test,17,000137,23.94635772705078,0.037864070385694504
test,18,000145,24.878454208374023,0.035255320370197296
test,19,000153,22.593564987182617,0.04483913257718086
test,20,000161,25.27524185180664,0.030660506337881088
test,21,000169,23.372146606445312,0.039354585111141205
test,22,000177,25.437536239624023,0.031071802601218224
test,23,000185,24.914121627807617,0.03386129438877106
test,24,000193,25.71733856201172,0.033999886363744736
test,25,000201,24.840307235717773,0.037812989205121994
test,26,000209,23.58819580078125,0.03928157687187195
test,27,000217,20.94830894470215,0.05462624877691269
test,28,000225,22.738235473632812,0.03917878866195679
test,29,000233,22.046430587768555,0.055277470499277115
test,30,000241,23.7408447265625,0.04012031480669975
test,31,000249,23.467809677124023,0.041163891553878784
train,0,000002,25.38626480102539,0.03086651675403118
train,1,000003,25.244617462158203,0.02985498681664467
train,2,000004,24.4653377532959,0.03329423815011978
train,3,000005,25.791980743408203,0.028630856424570084
train,4,000006,24.870601654052734,0.031962666660547256
train,5,000007,26.051122665405273,0.028907669708132744
train,6,000008,24.810400009155273,0.03380513936281204
train,7,000010,25.491249084472656,0.03144165873527527
train,8,000011,25.779510498046875,0.02942352369427681
train,9,000012,24.528547286987305,0.03475639224052429
train,10,000013,24.86263656616211,0.03518673777580261
train,11,000014,24.34352684020996,0.03655334189534187
train,12,000015,23.981670379638672,0.037095170468091965
train,13,000016,24.039836883544922,0.03725918382406235
train,14,000018,23.971527099609375,0.04076361283659935
train,15,000019,24.167545318603516,0.04097731038928032
train,16,000020,24.44698715209961,0.03928825259208679
train,17,000021,24.984786987304688,0.036736972630023956
train,18,000022,25.73933982849121,0.03315291181206703
train,19,000023,27.28554916381836,0.028033247217535973
train,20,000024,27.613460540771484,0.025411823764443398
train,21,000026,25.89535140991211,0.030261090025305748
train,22,000027,26.338878631591797,0.030579494312405586
train,23,000028,27.54092025756836,0.024099918082356453
train,24,000029,27.153255462646484,0.022748971357941628
train,25,000030,24.810504913330078,0.030523275956511497
train,26,000031,24.848060607910156,0.030646340921521187
train,27,000032,24.27869987487793,0.0340576134622097
train,28,000034,24.240554809570312,0.03381199762225151
train,29,000035,24.01076316833496,0.03473204746842384
train,30,000036,25.04043960571289,0.030742337927222252
train,31,000037,23.13955307006836,0.03512268885970116
train,32,000038,23.745071411132812,0.034498270601034164
train,33,000039,24.774526596069336,0.033006295561790466
train,34,000040,25.90297508239746,0.031725965440273285
train,35,000042,25.393131256103516,0.03412199765443802
train,36,000043,26.107328414916992,0.031084327027201653
train,37,000044,26.211685180664062,0.030951084569096565
train,38,000045,26.280994415283203,0.031696587800979614
train,39,000046,26.082523345947266,0.03205316886305809
train,40,000047,26.947322845458984,0.029582848772406578
train,41,000048,26.17487144470215,0.03152840584516525
train,42,000050,25.330724716186523,0.03015780821442604
train,43,000051,23.181110382080078,0.03465292975306511
train,44,000052,23.123937606811523,0.0361085869371891
train,45,000053,23.190046310424805,0.039109621196985245
train,46,000054,23.484525680541992,0.03858860582113266
train,47,000055,24.67855453491211,0.032625891268253326
train,48,000056,24.21212387084961,0.03580017015337944
train,49,000058,24.35542106628418,0.03350311890244484
train,50,000059,25.10489273071289,0.031561579555273056
train,51,000060,25.725189208984375,0.030545512214303017
train,52,000061,13.552511215209961,0.10843974351882935
train,53,000062,24.81606674194336,0.03632351756095886
train,54,000063,24.28670310974121,0.03887002542614937
train,55,000064,23.838247299194336,0.037174422293901443
train,56,000066,22.98994255065918,0.038518406450748444
train,57,000067,24.25420379638672,0.031567662954330444
train,58,000068,25.675769805908203,0.02872089296579361
train,59,000069,25.99506187438965,0.028108058497309685
train,60,000070,25.013565063476562,0.029564199969172478
train,61,000071,24.330093383789062,0.031936999410390854
train,62,000072,25.911972045898438,0.02930227480828762
train,63,000074,25.716053009033203,0.032246481627225876
train,64,000075,25.59000015258789,0.03241139277815819
train,65,000076,26.564382553100586,0.029364079236984253
train,66,000077,26.755462646484375,0.02697318233549595
train,67,000078,26.21918296813965,0.026459913700819016
train,68,000079,25.941099166870117,0.027110354974865913
train,69,000080,26.431514739990234,0.02752712182700634
train,70,000082,26.428462982177734,0.028355460613965988
train,71,000083,25.563209533691406,0.03102603182196617
train,72,000084,25.85601806640625,0.02833164855837822
train,73,000085,24.95067596435547,0.03147013485431671
train,74,000086,24.30452537536621,0.032061733305454254
train,75,000087,25.25240707397461,0.030348479747772217
train,76,000088,23.694194793701172,0.03430968150496483
train,77,000090,25.24908447265625,0.028389830142259598
train,78,000091,24.287960052490234,0.034114640206098557
train,79,000092,24.170475006103516,0.03368623927235603
train,80,000093,23.49495506286621,0.03686480224132538
train,81,000094,24.31203269958496,0.03353934735059738
train,82,000095,24.11180877685547,0.03513135761022568
train,83,000096,24.326522827148438,0.0342370867729187
train,84,000098,23.07964324951172,0.03709067776799202
train,85,000099,24.131790161132812,0.03377268463373184
train,86,000100,24.57654571533203,0.03241496905684471
train,87,000101,24.740087509155273,0.032342445105314255
train,88,000102,24.58748435974121,0.03134499490261078
train,89,000103,24.311519622802734,0.03091391734778881
train,90,000104,24.871288299560547,0.028289228677749634
train,91,000106,25.85706329345703,0.026527825742959976
train,92,000107,23.131649017333984,0.03619259223341942
train,93,000108,24.897443771362305,0.03157031908631325
train,94,000109,24.425016403198242,0.0342751070857048
train,95,000110,24.968578338623047,0.03205345571041107
train,96,000111,23.965810775756836,0.035448458045721054
train,97,000112,24.410030364990234,0.03429106995463371
train,98,000114,24.525753021240234,0.03347493335604668
train,99,000115,24.748563766479492,0.032937854528427124
train,100,000116,24.338964462280273,0.0352681502699852
train,101,000117,24.00680923461914,0.035643599927425385
train,102,000118,23.73798179626465,0.037389665842056274
train,103,000119,23.645193099975586,0.03713554888963699
train,104,000120,24.009252548217773,0.03640702739357948
train,105,000122,23.904537200927734,0.036937180906534195
train,106,000123,24.526657104492188,0.03419499099254608
train,107,000124,25.97320556640625,0.028654495254158974
train,108,000125,26.241138458251953,0.028874048963189125
train,109,000126,25.667028427124023,0.03324609249830246
train,110,000127,25.481670379638672,0.03383125364780426
train,111,000128,24.994930267333984,0.034961432218551636
train,112,000130,24.1583309173584,0.039785053580999374
train,113,000131,24.595367431640625,0.03829242289066315
train,114,000132,25.62678337097168,0.03402288630604744
train,115,000133,26.398395538330078,0.02980204112827778
train,116,000134,26.527793884277344,0.028250837698578835
train,117,000135,26.467266082763672,0.02791811153292656
train,118,000136,26.964004516601562,0.02543075568974018
train,119,000138,25.47658920288086,0.03391648083925247
train,120,000139,24.55860710144043,0.036398135125637054
train,121,000140,24.573965072631836,0.0350339338183403
train,122,000141,25.274755477905273,0.033135831356048584
train,123,000142,24.99016571044922,0.033131446689367294
train,124,000143,23.893964767456055,0.03894805163145065
train,125,000144,23.717199325561523,0.03910832107067108
train,126,000146,26.388473510742188,0.027572818100452423
train,127,000147,27.6157283782959,0.02459019236266613
train,128,000148,25.080059051513672,0.03397081792354584
train,129,000149,24.5139217376709,0.04081358760595322
train,130,000150,22.990867614746094,0.041703350841999054
train,131,000151,23.24512481689453,0.03730887547135353
train,132,000152,23.887569427490234,0.036557432264089584
train,133,000154,25.158550262451172,0.03165449574589729
train,134,000155,25.2974853515625,0.03317638114094734
train,135,000156,24.864429473876953,0.03683018684387207
train,136,000157,25.625396728515625,0.03385387361049652
train,137,000158,24.741788864135742,0.03346552327275276
train,138,000159,26.394546508789062,0.027204327285289764
train,139,000160,26.520309448242188,0.026653708890080452
train,140,000162,26.905258178710938,0.026540832594037056
train,141,000163,26.19703483581543,0.028325237333774567
train,142,000164,25.24995994567871,0.03235555440187454
train,143,000165,24.590591430664062,0.0306417103856802
train,144,000166,24.303375244140625,0.032542187720537186
train,145,000167,25.81978416442871,0.02839493565261364
train,146,000168,25.375213623046875,0.02931114099919796
train,147,000170,24.707382202148438,0.03206431493163109
train,148,000171,23.123205184936523,0.03640711307525635
train,149,000172,24.972152709960938,0.033396102488040924
train,150,000173,25.787084579467773,0.0299451295286417
train,151,000174,26.151500701904297,0.027380911633372307
train,152,000175,26.00629997253418,0.027757270261645317
train,153,000176,26.150005340576172,0.027942392975091934
train,154,000178,26.332090377807617,0.027952764183282852
train,155,000179,25.87337303161621,0.028248032554984093
train,156,000180,26.01678466796875,0.02770283818244934
train,157,000181,25.257335662841797,0.03018534556031227
train,158,000182,26.457630157470703,0.02763819508254528
train,159,000183,26.959781646728516,0.026228945702314377
train,160,000184,26.049434661865234,0.029602250084280968
train,161,000186,25.309019088745117,0.032604679465293884
train,162,000187,24.934383392333984,0.03287528455257416
train,163,000188,25.942352294921875,0.027513187378644943
train,164,000189,25.822139739990234,0.02793842926621437
train,165,000190,26.241750717163086,0.0279270950704813
train,166,000191,26.285558700561523,0.02833145298063755
train,167,000192,26.660497665405273,0.028888558968901634
train,168,000194,26.38441276550293,0.02847590297460556
train,169,000195,25.84894371032715,0.02974925935268402
train,170,000196,25.749662399291992,0.029120681807398796
train,171,000197,25.562976837158203,0.03039117157459259
train,172,000198,25.091899871826172,0.0349317267537117
train,173,000199,24.02169418334961,0.04087391868233681
train,174,000200,24.869457244873047,0.03799125552177429
train,175,000202,24.10146141052246,0.03890827298164368
train,176,000203,23.555805206298828,0.046614471822977066
train,177,000204,23.312397003173828,0.04733935371041298
train,178,000205,23.297130584716797,0.04608186334371567
train,179,000206,23.812801361083984,0.045644182711839676
train,180,000207,23.873214721679688,0.043528784066438675
train,181,000208,24.614089965820312,0.036970850080251694
train,182,000210,25.46657371520996,0.033180661499500275
train,183,000211,25.117599487304688,0.03330826014280319
train,184,000212,24.82984733581543,0.03272422030568123
train,185,000213,22.962844848632812,0.037161197513341904
train,186,000214,22.597904205322266,0.0386776365339756
train,187,000215,22.633056640625,0.0415210947394371
train,188,000216,22.059112548828125,0.048835910856723785
train,189,000218,21.540740966796875,0.04907400533556938
train,190,000219,20.832393646240234,0.05060642957687378
train,191,000220,21.048389434814453,0.052838701754808426
train,192,000221,21.48958969116211,0.046652864664793015
train,193,000222,22.471511840820312,0.042352981865406036
train,194,000223,23.82216453552246,0.03442985564470291
train,195,000224,23.987529754638672,0.03265278786420822
train,196,000226,23.887624740600586,0.035467758774757385
train,197,000227,24.291624069213867,0.03691287711262703
train,198,000228,25.084270477294922,0.03307335078716278
train,199,000229,24.20094108581543,0.03644847869873047
train,200,000230,23.825420379638672,0.035879649221897125
train,201,000231,23.07149314880371,0.04038053750991821
train,202,000232,21.786434173583984,0.05157903954386711
train,203,000234,23.266918182373047,0.04668210819363594
train,204,000235,24.966039657592773,0.037833135575056076
train,205,000236,25.23212242126465,0.03651656210422516
train,206,000237,24.52559471130371,0.03872179239988327
train,207,000238,25.34857940673828,0.03281440585851669
train,208,000239,25.592884063720703,0.032320182770490646
train,209,000240,24.918865203857422,0.033308498561382294
train,210,000242,24.63026237487793,0.03448876738548279
train,211,000243,25.00374984741211,0.032780129462480545
train,212,000244,24.57781982421875,0.03519940748810768
train,213,000245,24.7368221282959,0.036318134516477585
train,214,000246,24.751102447509766,0.035155586898326874
train,215,000247,24.618064880371094,0.036138586699962616
train,216,000248,23.99403953552246,0.03916367143392563
train,217,000250,23.39944839477539,0.042202502489089966
train,218,000251,22.84634780883789,0.045150239020586014
